{
  "N": 51,
  "emb_dim": 768,
  "umap_dim": 16,
  "k": 2,
  "counts": {
    "0": 33,
    "1": 18
  },
  "kmeans": {
    "inertia": 48.38264846801758,
    "centroids": [
      [
        0.4222564697265625,
        4.720246315002441,
        3.792288064956665,
        8.137940406799316,
        2.238492965698242,
        4.508149147033691,
        3.4699506759643555,
        4.133609771728516,
        5.980040073394775,
        4.252066135406494,
        1.1268846988677979,
        5.738822937011719,
        8.049144744873047,
        5.606839656829834,
        1.6563459634780884,
        3.0409185886383057
      ],
      [
        1.2258925437927246,
        4.915469169616699,
        4.015640735626221,
        7.168972969055176,
        1.730517029762268,
        4.905113220214844,
        4.244800567626953,
        3.651005506515503,
        6.452883720397949,
        4.394061088562012,
        0.5790513753890991,
        6.914988994598389,
        6.838001251220703,
        6.02195405960083,
        2.2660534381866455,
        4.428079605102539
      ]
    ],
    "silhouette_cosine": 0.7844889760017395
  }
}