{
  "N": 386,
  "emb_dim": 768,
  "umap_dim": 16,
  "k": 2,
  "counts": {
    "0": 152,
    "1": 234
  },
  "kmeans": {
    "inertia": 1433.224609375,
    "centroids": [
      [
        7.573474407196045,
        5.482679843902588,
        6.453500747680664,
        8.021389961242676,
        5.606839656829834,
        6.313875198364258,
        4.768171310424805,
        6.453652858734131,
        3.8489952087402344,
        6.713586807250977,
        5.191347122192383,
        5.701663017272949,
        4.640605926513672,
        6.034760475158691,
        5.908365726470947,
        4.3328776359558105
      ],
      [
        8.875151634216309,
        3.8749349117279053,
        7.117376804351807,
        8.136077880859375,
        5.297966003417969,
        6.852858543395996,
        4.154384136199951,
        5.002755165100098,
        4.054542064666748,
        7.594943046569824,
        4.414541244506836,
        5.999860763549805,
        2.7721879482269287,
        6.056016445159912,
        6.683676719665527,
        3.391429901123047
      ]
    ],
    "silhouette_cosine": 0.6399717330932617
  },
  "umap_min_dist": 0.05,
  "reuse_umap": null
}